--SERVICES
--CODIFICACION 10 #SERVICIO 000 #DE PAGOS 10-000: 10000
INSERT INTO SERVICIO(IDSERVICIO,TIPO,PERIODOPAGO) VALUES(10001,'COLEGIATURA',1);
INSERT INTO SERVICIO(IDSERVICIO,TIPO,PERIODOPAGO) VALUES(10002,'COLEGIATURA',2);
INSERT INTO SERVICIO(IDSERVICIO,TIPO,PERIODOPAGO) VALUES(10003,'COLEGIATURA',3);
INSERT INTO SERVICIO(IDSERVICIO,TIPO,PERIODOPAGO) VALUES(10006,'COLEGIATURA',6);
INSERT INTO SERVICIO(IDSERVICIO,TIPO,PERIODOPAGO) VALUES(10010,'COLEGIATURA',10);
INSERT INTO SERVICIO(IDSERVICIO,TIPO,PERIODOPAGO) VALUES(10012,'COLEGIATURA',12);
INSERT INTO SERVICIO(IDSERVICIO,TIPO,PERIODOPAGO) VALUES(12001,'INSCRIPCION',1);
INSERT INTO SERVICIO(IDSERVICIO,TIPO,PERIODOPAGO) VALUES(13001,'MATERIAL ESCOLAR',1);
INSERT INTO SERVICIO(IDSERVICIO,TIPO,PERIODOPAGO) VALUES(14001,'UNIFORME',1);
INSERT INTO SERVICIO(IDSERVICIO,TIPO,PERIODOPAGO) VALUES(15001,'LIBROS',1);
INSERT INTO SERVICIO(IDSERVICIO,TIPO,PERIODOPAGO) VALUES(16001,'SEGURO MEDICO',1);
INSERT INTO SERVICIO(IDSERVICIO,TIPO,PERIODOPAGO) VALUES(17001,'TRANSPORTE',1);

--NIVEL
INSERT INTO NIVEL(IDNIVEL,NIVEL) VALUES(10000,'PREESCOLAR');
INSERT INTO NIVEL(IDNIVEL,NIVEL) VALUES(10100,'PRIMARIA');
INSERT INTO NIVEL(IDNIVEL,NIVEL) VALUES(10200,'SECUNDARIA');
INSERT INTO NIVEL(IDNIVEL,NIVEL) VALUES(10300,'PREPARATORIA');

--NIVEL_GRADO
--PREESCOLAR
INSERT INTO NIVEL_GRADO(IDNIVEL,IDGRADO) VALUES(10000,1);
INSERT INTO NIVEL_GRADO(IDNIVEL,IDGRADO) VALUES(10000,2);
--PRIMARIA
INSERT INTO NIVEL_GRADO(IDNIVEL,IDGRADO) VALUES(10100,1);
INSERT INTO NIVEL_GRADO(IDNIVEL,IDGRADO) VALUES(10100,2);
INSERT INTO NIVEL_GRADO(IDNIVEL,IDGRADO) VALUES(10100,3);
INSERT INTO NIVEL_GRADO(IDNIVEL,IDGRADO) VALUES(10100,4);
INSERT INTO NIVEL_GRADO(IDNIVEL,IDGRADO) VALUES(10100,5);
INSERT INTO NIVEL_GRADO(IDNIVEL,IDGRADO) VALUES(10100,6);
--SECUNDARIA
INSERT INTO NIVEL_GRADO(IDNIVEL,IDGRADO) VALUES(10200,1);
INSERT INTO NIVEL_GRADO(IDNIVEL,IDGRADO) VALUES(10200,2);
INSERT INTO NIVEL_GRADO(IDNIVEL,IDGRADO) VALUES(10200,3);
--PREPARATORIA
INSERT INTO NIVEL_GRADO(IDNIVEL,IDGRADO) VALUES(10300,1);
INSERT INTO NIVEL_GRADO(IDNIVEL,IDGRADO) VALUES(10300,2);
INSERT INTO NIVEL_GRADO(IDNIVEL,IDGRADO) VALUES(10300,3);


--GRUPO
--GRUPOS A,B DE PREESCOLAR 1
INSERT INTO GRUPO(IDGRUPO,GRUPO,IDNIVEL,IDGRADO) VALUES(11111,'A',10000,1);
--INSERT INTO GRUPO(IDGRUPO,GRUPO,IDNIVEL,IDGRADO) VALUES(11112,'B',10000,1);

--GRUPOS A,B DE PREESCOLAR 2
INSERT INTO GRUPO(IDGRUPO,GRUPO,IDNIVEL,IDGRADO) VALUES(11113,'A',10000,2);
--INSERT INTO GRUPO(IDGRUPO,GRUPO,IDNIVEL,IDGRADO) VALUES(11121,'B',10000,2);

--GRUPOS A DE PRIMARIA 
INSERT INTO GRUPO(IDGRUPO,GRUPO,IDNIVEL,IDGRADO) VALUES(11114,'A',10100,1);
INSERT INTO GRUPO(IDGRUPO,GRUPO,IDNIVEL,IDGRADO) VALUES(11115,'A',10100,2);
INSERT INTO GRUPO(IDGRUPO,GRUPO,IDNIVEL,IDGRADO) VALUES(11116,'A',10100,3);
INSERT INTO GRUPO(IDGRUPO,GRUPO,IDNIVEL,IDGRADO) VALUES(11117,'A',10100,4);
INSERT INTO GRUPO(IDGRUPO,GRUPO,IDNIVEL,IDGRADO) VALUES(11118,'A',10100,5);
INSERT INTO GRUPO(IDGRUPO,GRUPO,IDNIVEL,IDGRADO) VALUES(11119,'A',10100,6);

--GRUPOS A,B,C DE SECUNDARIA PRIMER AÑO
INSERT INTO GRUPO(IDGRUPO,GRUPO,IDNIVEL,IDGRADO) VALUES(11120,'A',10200,1);
INSERT INTO GRUPO(IDGRUPO,GRUPO,IDNIVEL,IDGRADO) VALUES(11121,'B',10200,1);
INSERT INTO GRUPO(IDGRUPO,GRUPO,IDNIVEL,IDGRADO) VALUES(11122,'C',10200,1);
--GRUPOS A,B,C DE SECUNDARIA SEGUNDO AÑO
INSERT INTO GRUPO(IDGRUPO,GRUPO,IDNIVEL,IDGRADO) VALUES(11123,'A',10200,2);
INSERT INTO GRUPO(IDGRUPO,GRUPO,IDNIVEL,IDGRADO) VALUES(11124,'B',10200,2);
INSERT INTO GRUPO(IDGRUPO,GRUPO,IDNIVEL,IDGRADO) VALUES(11125,'C',10200,2);
--GRUPOS A,B,C DE SECUNDARIA TERCER AÑO
INSERT INTO GRUPO(IDGRUPO,GRUPO,IDNIVEL,IDGRADO) VALUES(11126,'A',10200,3);
INSERT INTO GRUPO(IDGRUPO,GRUPO,IDNIVEL,IDGRADO) VALUES(11127,'B',10200,3);
INSERT INTO GRUPO(IDGRUPO,GRUPO,IDNIVEL,IDGRADO) VALUES(11128,'C',10200,3);

--GRUPOS DE PREPARATORIA
--GRUPOS A,B DE PRIMERO
INSERT INTO GRUPO(IDGRUPO,GRUPO,IDNIVEL,IDGRADO) VALUES(11129,'A',10300,1);
INSERT INTO GRUPO(IDGRUPO,GRUPO,IDNIVEL,IDGRADO) VALUES(11130,'B',10300,1);

--GRUPOS A,B DE SEGUNDO
INSERT INTO GRUPO(IDGRUPO,GRUPO,IDNIVEL,IDGRADO) VALUES(11131,'A',10300,2);
INSERT INTO GRUPO(IDGRUPO,GRUPO,IDNIVEL,IDGRADO) VALUES(11132,'B',10300,2);

--GRUPOS A,B DE TERCERO
INSERT INTO GRUPO(IDGRUPO,GRUPO,IDNIVEL,IDGRADO) VALUES(11133,'A',10300,3);
INSERT INTO GRUPO(IDGRUPO,GRUPO,IDNIVEL,IDGRADO) VALUES(11134,'B',10300,3);